{
  "main": {
    "id": "e9cbf0bd10ff1d8d",
    "type": "split",
    "children": [
      {
        "id": "109bfa0b62246cc6",
        "type": "tabs",
        "children": [
          {
            "id": "e8a98ea7aef8933a",
            "type": "leaf",
            "state": {
              "type": "markdown",
              "state": {
                "file": "Ambient 4 On Land by Brian Eno.md",
                "mode": "source",
                "backlinks": false,
                "source": false
              }
            }
          },
          {
            "id": "27c592ba5cdfba7b",
            "type": "leaf",
            "state": {
              "type": "markdown",
              "state": {
                "file": "A I A Alien Observer by Grouper.md",
                "mode": "source",
                "backlinks": false,
                "source": false
              }
            }
          }
        ]
      }
    ],
    "direction": "vertical"
  },
  "left": {
    "id": "0ac63f8b5da9bba4",
    "type": "split",
    "children": [
      {
        "id": "3fb864f8c3616a96",
        "type": "tabs",
        "children": [
          {
            "id": "c963e1fc9f3df790",
            "type": "leaf",
            "state": {
              "type": "file-explorer",
              "state": {
                "sortOrder": "alphabetical"
              }
            }
          },
          {
            "id": "1215e1a448ff078b",
            "type": "leaf",
            "state": {
              "type": "search",
              "state": {
                "query": "",
                "matchingCase": false,
                "explainSearch": false,
                "collapseAll": false,
                "extraContext": false,
                "sortOrder": "alphabetical"
              }
            }
          },
          {
            "id": "56bdf21c12bbf7f5",
            "type": "leaf",
            "state": {
              "type": "starred",
              "state": {}
            }
          }
        ]
      }
    ],
    "direction": "horizontal",
    "width": 300
  },
  "right": {
    "id": "9f00514a047d34ed",
    "type": "split",
    "children": [
      {
        "id": "85b2a80c75bb99a6",
        "type": "tabs",
        "children": [
          {
            "id": "f0143d777c0f0180",
            "type": "leaf",
            "state": {
              "type": "backlink",
              "state": {
                "collapseAll": true,
                "extraContext": false,
                "sortOrder": "alphabetical",
                "showSearch": true,
                "searchQuery": "",
                "backlinkCollapsed": false,
                "unlinkedCollapsed": true
              }
            }
          },
          {
            "id": "06606752b13cf322",
            "type": "leaf",
            "state": {
              "type": "outgoing-link",
              "state": {
                "linksCollapsed": false,
                "unlinkedCollapsed": true
              }
            }
          },
          {
            "id": "8da8d3362c6713fa",
            "type": "leaf",
            "state": {
              "type": "tag",
              "state": {
                "sortOrder": "frequency",
                "useHierarchy": true
              }
            }
          },
          {
            "id": "2abc9448b86508c4",
            "type": "leaf",
            "state": {
              "type": "graph",
              "state": {}
            }
          },
          {
            "id": "c9c0e91bfc2e284a",
            "type": "leaf",
            "state": {
              "type": "outline",
              "state": {}
            }
          }
        ],
        "currentTab": 3
      }
    ],
    "direction": "horizontal",
    "width": 300
  },
  "left-ribbon": {
    "hiddenItems": {
      "switcher:Open quick switcher": false,
      "graph:Open graph view": false,
      "canvas:Create new canvas": false,
      "daily-notes:Open today's daily note": false,
      "templates:Insert template": false,
      "command-palette:Open command palette": false
    }
  },
  "active": "2abc9448b86508c4",
  "lastOpenFiles": [
    "Ambient 4 On Land by Brian Eno.md",
    "4 Rooms by Jacob Kirkegaard.md",
    "7814 by Global Communication.md",
    "A I A Alien Observer by Grouper.md",
    "Antarctica by Vangelis.md",
    "Love Is A Stream by Jefre Cantu-Ledesma.md",
    "Replica by Oneohtrix Point Never.md",
    "Sakura by Susumu Yokota.md",
    "Start Here.md",
    "Ambient.md",
    "The Arctics.md",
    "A land of dreams and memories.md",
    "A calming forest.md",
    "Cherynobyl.md",
    "The loneliest night.md",
    "An empty desert.md",
    "A broken TV.md",
    "templates/Untitled.md",
    "Going Places by Yellow Swans.md",
    "templates",
    "Untitled 1.canvas",
    "Untitled.canvas",
    "Untitled 3.canvas",
    "Untitled 2.canvas",
    "2023-02-26.md"
  ]
}